Position,Company,Location,URLfull details of Software Engineer  Web,Clubhouse,Remote,https://kr.indeed.com/rc/clk?jk=f7915db411f76d39&fccid=bdae4b7212be0405&vjs=3
full details of Part Time Front-End Developer,FRUITION,Remote in Denver, CO 80218,https://kr.indeed.com/rc/clk?jk=0e4ed398d109b6ae&fccid=7d93301f9b3cfe3e&vjs=3
full details of Front-End Developer (Web3/React/NextJS),WikiRealty,United States,https://kr.indeed.com/rc/clk?jk=58c6efe9e40a6e36&fccid=bea8e3eb783b23e1&vjs=3
full details of Staff Software Engineer,Mothership Technologies,Remote,https://kr.indeed.com/rc/clk?jk=394dbdb49ddf8a42&fccid=dd616958bd9ddc12&vjs=3
full details of Software Engineer - Front/Back,Shell Energy Solutions,The Woodlands, TX 77380,https://kr.indeed.com/rc/clk?jk=f668e3994cfacdf9&fccid=dd616958bd9ddc12&vjs=3
full details of Front End Developer,Hobby Lobby,Oklahoma City, OK,https://kr.indeed.com/rc/clk?jk=9c099bd4f6fe1880&fccid=17af8c65a9edd29f&vjs=3
full details of Web Development Supervisor (Administrative Specialist 4),New Jersey Courts,Hybrid remote in Trenton, NJ,https://kr.indeed.com/rc/clk?cmp=New-Jersey-Courts---Cumberland%2FGloucester%2FSalem-Vicinage-%E2%80%93-Woodbury,-NJ&ti=Web+Development+Supervisor&jk=d07c742ca7c1bcdb&fccid=bb1e0ca7fa0b2100&vjs=3
full details of Frontend React Developer,Blockchain Talents,Remote,https://kr.indeed.com/rc/clk?jk=e8204d57ff143dba&fccid=734623aba8b7a021&vjs=3
full details of Software Engineer,National Research Center for College & University...,Remote,https://kr.indeed.com/rc/clk?jk=e9ca0dd4c7d1b954&fccid=e6e8d7293a8073af&vjs=3
full details of Front End Engineer  User Experience,Hiro Systems,New York, NY,https://kr.indeed.com/rc/clk?jk=3324244370f96742&fccid=f9071866a1275fd1&vjs=3
full details of FULL-STACK DEVELOPER,Boulevard Consulting Group,Remote,https://kr.indeed.com/rc/clk?jk=18b9435b39212a71&fccid=07c9da759d4e678a&vjs=3
full details of Front-end Developer,Cenzen,New York, NY,https://kr.indeed.com/rc/clk?jk=4d3eaa46738e6ae1&fccid=dd616958bd9ddc12&vjs=3
full details of Software Engineer (Fullstack JS + ReactJS),MicroVentures,United States,https://kr.indeed.com/rc/clk?jk=8bc02276118762d7&fccid=fb8342f36fc565d5&vjs=3
full details of Software Engineer,OpenFin,Remote in New York, NY,https://kr.indeed.com/rc/clk?jk=009991d0ae55cc0c&fccid=cd53d7ad9aa2c487&vjs=3
full details of Software Engineer (Backend),Cookin,Remote in New York, NY,https://kr.indeed.com/rc/clk?jk=fde12e1b37fd9c40&fccid=975872496d1b8518&vjs=3
DÃ©veloppeur(e) Web NextJS | NextJS Web Developer (Tailwind),VEXXHOST  Inc.,Anywhere in the World,https://weworkremotely.com/remote-jobs/vexxhost-inc-developpeur-e-web-nextjs-nextjs-web-developer-tailwind
